Length,Spost,Epost,Score
142,1697,1838,1.33457
19,1209,1227,1.16113
34,136,169,1.10203
18,1212,1229,1.04245
17,3341,3357,1.01653
18,2323,2340,0.99469
29,150,178,0.99079
20,496,515,0.87452
40,1,40,0.85149
40,1,40,0.8416
15,96,110,0.82903
23,136,158,0.82523
34,384,417,0.80367
20,194,213,0.79229
15,456,470,0.72574
15,125,139,0.72203
13,153,165,0.68894
15,309,323,0.68817
18,761,778,0.68229
16,147,162,0.67807
10,2225,2234,0.67651
20,13,32,0.67588
25,46,70,0.6746
16,220,235,0.67284
20,1071,1090,0.65942
19,81,99,0.65308
11,1211,1221,0.64755
19,121,139,0.64601
15,1206,1220,0.64383
34,304,337,0.63754
19,337,355,0.63354
13,735,747,0.62973
25,688,712,0.61723
28,174,201,0.61393
20,81,100,0.61178
16,1,16,0.59922
14,3470,3483,0.59843
19,1097,1115,0.59802
38,253,290,0.59755
18,104,121,0.59665
15,56,70,0.59565
9,717,725,0.58649
10,2225,2234,0.58471
10,23,32,0.58457
15,4603,4617,0.58284
18,361,378,0.58207
18,361,378,0.581
10,320,329,0.57888
18,1565,1582,0.57878
18,1556,1573,0.57878
15,2026,2040,0.57821
19,105,123,0.57675
15,191,205,0.57615
19,448,466,0.57004
10,1211,1220,0.56424
18,148,165,0.56236
9,3136,3144,0.56221
16,2119,2134,0.55723
18,92,109,0.55484
15,1205,1219,0.55468
10,155,164,0.5533
15,1555,1569,0.55309
15,691,705,0.54576
15,25,39,0.54323
10,233,242,0.54282
20,281,300,0.54177
10,156,165,0.53967
14,228,241,0.53954
17,1381,1397,0.53797
16,2125,2140,0.53767
16,2125,2140,0.53767
19,448,466,0.53476
9,2225,2233,0.53331
15,5303,5317,0.52975
11,511,521,0.52159
9,1211,1219,0.52143
15,61,75,0.52017
16,634,649,0.51952
15,161,175,0.51904
14,55,68,0.51486
9,17,25,0.5136
15,509,523,0.51349
9,6981,6989,0.51074
18,57,74,0.50999
18,53,70,0.50728
10,14,23,0.50646
9,10,18,0.5057
10,235,244,0.50563
15,5126,5140,0.50508
15,141,155,0.50495
20,614,633,0.50482
10,189,198,0.50244
27,100,126,0.50237
15,136,150,0.50076
14,3047,3060,0.49762
15,640,654,0.49742
18,49,66,0.49651
9,838,846,0.49562
15,46,60,0.49494
9,579,587,0.49342
18,97,114,0.49272
15,336,350,0.49036
15,45,59,0.48701
9,89,97,0.48645
15,105,119,0.48393
36,20,55,0.4821
15,49,63,0.48138
14,15,28,0.47697
18,49,66,0.47577
10,2321,2330,0.47437
9,468,476,0.47141
14,641,654,0.47098
9,184,192,0.46943
9,156,164,0.46943
9,151,159,0.46943
15,1071,1085,0.46814
10,131,140,0.46671
12,122,133,0.46371
9,6669,6677,0.46197
11,313,323,0.46101
14,3546,3559,0.46046
10,379,388,0.45984
20,1,20,0.45941
9,6213,6221,0.45878
9,349,357,0.45864
15,181,195,0.45751
21,1457,1477,0.45722
19,1,19,0.45388
9,2323,2331,0.45285
20,81,100,0.45158
9,383,391,0.45143
9,2322,2330,0.4511
15,5128,5142,0.45089
15,1675,1689,0.45032
15,771,785,0.44997
13,213,225,0.44766
9,2917,2925,0.44734
9,1267,1275,0.44567
9,6006,6014,0.44421
9,379,387,0.44352
15,461,475,0.44198
18,329,346,0.44116
11,2330,2340,0.44108
19,1201,1219,0.44034
13,57,69,0.4402
10,133,142,0.43975
9,2807,2815,0.43925
15,2121,2135,0.43883
15,31,45,0.43714
15,725,739,0.43704
17,9,25,0.43688
18,60,77,0.43459
15,1106,1120,0.43448
9,279,287,0.43426
15,561,575,0.43329
10,2132,2141,0.43321
15,954,968,0.43224
9,468,476,0.43221
15,533,547,0.42827
18,353,370,0.42774
13,45,57,0.42761
10,2353,2362,0.42756
15,301,315,0.42705
15,716,730,0.42698
21,4082,4102,0.42604
28,100,127,0.42566
15,36,50,0.42508
25,1,25,0.42412
15,321,335,0.42361
9,977,985,0.42353
9,838,846,0.42261
17,3157,3173,0.42232
13,323,335,0.42198
10,573,582,0.42182
10,5,14,0.41944
15,611,625,0.41924
10,3381,3390,0.4178
9,1212,1220,0.41673
10,1560,1569,0.41371
13,61,73,0.41305
15,2011,2025,0.41093
11,1207,1217,0.41077
14,987,1000,0.40949
15,1,15,0.40941
15,5123,5137,0.40939
10,2331,2340,0.40924
14,105,118,0.40908
15,212,226,0.40896
15,433,447,0.40785
9,99,107,0.40697
13,360,372,0.40584
15,1067,1081,0.40561
15,41,55,0.40558
10,96,105,0.40485
18,2936,2953,0.40449
9,838,846,0.4037
18,5246,5263,0.40333
15,148,162,0.40315
9,34,42,0.40308
10,170,179,0.40082
9,119,127,0.40066
17,1078,1094,0.40058
15,1810,1824,0.39956
16,934,949,0.39949
15,149,163,0.39908
10,850,859,0.39884
10,1975,1984,0.39853
10,1973,1982,0.39835
18,288,305,0.39833
10,5,14,0.39679
10,1175,1184,0.3957
15,145,159,0.39525
10,1184,1193,0.395
9,117,125,0.3947
11,164,174,0.39443
9,98,106,0.39438
15,716,730,0.39278
10,1359,1368,0.39222
17,1069,1085,0.39118
14,232,245,0.39084
18,721,738,0.39067
15,4633,4647,0.39008
8,41,48,0.38968
9,2363,2371,0.38891
10,229,238,0.38888
15,1111,1125,0.38766
19,320,338,0.38764
10,368,377,0.38745
11,2221,2231,0.38636
13,97,109,0.38616
10,1215,1224,0.38584
9,469,477,0.38531
9,385,393,0.38515
9,836,844,0.38449
20,14,33,0.38394
15,209,223,0.38267
9,519,527,0.3822
16,257,272,0.38193
9,1650,1658,0.38128
9,1359,1367,0.38127
9,1359,1367,0.38127
15,850,864,0.38076
10,1459,1468,0.38007
9,399,407,0.37972
10,161,170,0.3786
9,52,60,0.37851
12,462,473,0.37805
9,737,745,0.37778
10,426,435,0.37775
21,387,407,0.37768
14,3482,3495,0.37618
10,117,126,0.3758
10,32,41,0.37536
9,2942,2950,0.37355
15,163,177,0.37351
15,341,355,0.37306
14,3462,3475,0.37264
15,1,15,0.37206
14,2872,2885,0.37164
20,941,960,0.3706
15,1695,1709,0.37057
9,192,200,0.36926
10,1358,1367,0.36894
10,158,167,0.36809
9,2331,2339,0.36792
18,1336,1353,0.36697
11,86,96,0.3668
10,1367,1376,0.36648
9,460,468,0.36647
11,1125,1135,0.36629
9,129,137,0.36614
10,104,113,0.3655
10,4472,4481,0.36493
9,6669,6677,0.36405
10,137,146,0.36312
9,227,235,0.36278
15,1056,1070,0.36258
9,1122,1130,0.36234
15,493,507,0.36191
15,761,775,0.36177
10,2229,2238,0.36146
9,1975,1983,0.36127
20,81,100,0.36098
21,156,176,0.36018
10,1368,1377,0.36
10,1368,1377,0.36
9,837,845,0.35916
15,4488,4502,0.35859
11,407,417,0.35852
15,2652,2666,0.35786
9,100,108,0.35774
9,108,116,0.35774
9,28,36,0.3574
9,104,112,0.35734
15,1121,1135,0.35719
8,193,200,0.35681
9,163,171,0.35663
9,2282,2290,0.35651
10,6219,6228,0.35596
10,2973,2982,0.35592
10,6749,6758,0.35544
11,255,265,0.35543
9,379,387,0.35433
9,26,34,0.35397
10,250,259,0.35397
9,1175,1183,0.35384
9,1175,1183,0.35384
9,189,197,0.35361
9,236,244,0.35213
10,403,412,0.35196
10,1367,1376,0.35178
9,575,583,0.35162
9,1099,1107,0.35133
15,325,339,0.35125
9,882,890,0.35124
15,1011,1025,0.35087
15,1561,1575,0.35065
10,136,145,0.34997
18,1376,1393,0.34992
10,2281,2290,0.34925
9,2947,2955,0.3491
14,26,39,0.34905
21,54,74,0.34865
9,1229,1237,0.34844
9,21,29,0.34765
18,2946,2963,0.34732
9,12,20,0.34712
15,4518,4532,0.34692
15,146,160,0.34672
15,1776,1790,0.34602
18,16,33,0.34563
10,2314,2323,0.3453
9,1627,1635,0.34479
15,4588,4602,0.34477
9,6750,6758,0.34464
15,1676,1690,0.34426
18,165,182,0.34394
8,6,13,0.34382
19,321,339,0.34379
10,262,271,0.34362
20,2571,2590,0.34344
10,131,140,0.34338
14,338,351,0.34337
9,1680,1688,0.3429
10,160,169,0.34285
11,6,16,0.3426
10,1976,1985,0.3419
15,396,410,0.34189
10,1974,1983,0.34164
9,267,275,0.34155
10,2898,2907,0.34147
10,322,331,0.34146
12,1699,1710,0.34124
9,48,56,0.3411
9,119,127,0.34101
9,105,113,0.34101
10,1049,1058,0.34096
11,76,86,0.34049
11,76,86,0.34049
11,153,163,0.34037
10,1807,1816,0.34021
10,1807,1816,0.34021
10,1813,1822,0.34021
9,315,323,0.33997
34,344,377,0.33992
18,3137,3154,0.3389
18,284,301,0.33855
11,76,86,0.33841
11,76,86,0.33841
20,421,440,0.3383
11,660,670,0.33794
9,160,168,0.33762
15,301,315,0.33759
15,37,51,0.33757
15,616,630,0.33689
9,29,37,0.33684
9,136,144,0.3368
9,418,426,0.3365
14,3748,3761,0.33636
10,102,111,0.33618
11,164,174,0.33576
9,613,621,0.3346
10,29,38,0.33458
10,1322,1331,0.33448
9,380,388,0.33445
9,2332,2340,0.3343
15,481,495,0.33403
10,2598,2607,0.33395
10,6002,6011,0.33392
19,657,675,0.33383
13,173,185,0.33372
15,966,980,0.33266
20,411,430,0.33219
9,6109,6117,0.33197
9,2422,2430,0.33173
15,1405,1419,0.33139
9,371,379,0.33128
9,453,461,0.33108
10,3151,3160,0.33078
8,6682,6689,0.33037
9,837,845,0.33033
9,475,483,0.32995
8,2828,2835,0.32995
9,49,57,0.32994
15,230,244,0.32987
25,16,40,0.32977
9,47,55,0.32959
13,1056,1068,0.32916
10,76,85,0.32812
10,76,85,0.32812
9,342,350,0.3281
10,1310,1319,0.3281
10,2882,2891,0.32774
10,76,85,0.32668
10,76,85,0.32668
15,1658,1672,0.32667
10,2382,2391,0.32633
9,3753,3761,0.3263
11,115,125,0.32574
13,309,321,0.32566
10,1357,1366,0.32551
10,2226,2235,0.32534
9,225,233,0.32522
9,264,272,0.32521
9,1523,1531,0.32521
9,29,37,0.32463
10,134,143,0.32438
9,2229,2237,0.32402
11,164,174,0.32387
11,164,174,0.32387
11,164,174,0.32387
20,381,400,0.32362
15,345,359,0.32354
25,5455,5479,0.32348
9,3138,3146,0.32333
8,246,253,0.32314
10,1544,1553,0.32308
15,106,120,0.32296
10,992,1001,0.32292
49,521,569,0.32283
9,2854,2862,0.32256
15,285,299,0.32191
15,1538,1552,0.32182
15,220,234,0.32154
10,58,67,0.32118
11,881,891,0.32077
9,369,377,0.32024
10,706,715,0.31977
9,1459,1467,0.31963
10,2325,2334,0.31936
9,107,115,0.3193
9,392,400,0.31873
9,369,377,0.31868
9,16,24,0.31856
10,663,672,0.31789
10,1228,1237,0.3178
15,1013,1027,0.3176
9,315,323,0.31759
9,151,159,0.31752
9,6081,6089,0.31693
15,2816,2830,0.31684
15,2137,2151,0.3163
9,894,902,0.31556
9,628,636,0.31555
15,45,59,0.31534
10,105,114,0.31512
9,5308,5316,0.31503
10,86,95,0.31494
10,555,564,0.31433
10,1208,1217,0.31425
9,1281,1289,0.31359
9,2068,2076,0.31303
10,1207,1216,0.31276
9,623,631,0.3126
10,244,253,0.3123
9,5130,5138,0.31201
10,339,348,0.31162
10,881,890,0.31162
10,883,892,0.31162
9,115,123,0.31073
10,5814,5823,0.31056
9,42,50,0.3104
9,1548,1556,0.31026
10,289,298,0.31008
9,2333,2341,0.30988
9,335,343,0.30968
9,335,343,0.30968
15,1006,1020,0.30907
9,244,252,0.30883
9,2679,2687,0.30846
15,1811,1825,0.30842
9,127,135,0.30841
18,99,116,0.30796
9,963,971,0.30775
15,4608,4622,0.3075
9,1202,1210,0.30716
15,309,323,0.30709
9,152,160,0.30608
9,194,202,0.3057
9,194,202,0.3057
9,58,66,0.30484
9,71,79,0.30442
15,5298,5312,0.30398
11,123,133,0.30364
9,63,71,0.30356
20,131,150,0.3028
10,338,347,0.30274
9,3152,3160,0.30249
9,5,13,0.30241
10,133,142,0.30222
18,201,218,0.30214
9,41,49,0.3021
9,676,684,0.3021
9,27,35,0.30205
9,96,104,0.30204
9,66,74,0.30198
19,194,212,0.30191
9,20,28,0.30188
9,148,156,0.30175
9,2544,2552,0.30145
9,1004,1012,0.30139
25,333,357,0.30067
9,42,50,0.30019
15,151,165,0.29987
9,49,57,0.29934
9,2069,2077,0.2989
10,1492,1501,0.29888
15,231,245,0.29879
15,500,514,0.2987
9,73,81,0.298
9,4985,4993,0.29793
20,191,210,0.29743
9,612,620,0.29717
9,2900,2908,0.29695
18,137,154,0.2964
9,2142,2150,0.29639
10,1095,1104,0.29638
9,120,128,0.29614
20,321,340,0.29554
41,206,246,0.29535
19,265,283,0.29515
14,3013,3026,0.29489
9,6,14,0.29473
10,103,112,0.2944
11,148,158,0.29421
9,87,95,0.29417
9,88,96,0.29417
9,87,95,0.29391
10,743,752,0.2938
9,15,23,0.29352
9,23,31,0.29343
8,838,845,0.29319
9,268,276,0.29242
10,188,197,0.29241
9,130,138,0.29238
24,1,24,0.29164
9,209,217,0.29147
9,126,134,0.2913
13,35,47,0.29071
9,2325,2333,0.29037
9,217,225,0.29036
15,726,740,0.29015
10,690,699,0.28982
11,194,204,0.28977
9,556,564,0.28958
15,495,509,0.28956
9,70,78,0.28954
9,9,17,0.28951
9,2057,2065,0.28948
15,712,726,0.28896
10,254,263,0.28866
9,110,118,0.28861
9,2777,2785,0.2883
8,1089,1096,0.28821
9,242,250,0.28798
9,2062,2070,0.28738
17,1383,1399,0.28717
10,452,461,0.28678
9,61,69,0.28678
15,83,97,0.28673
9,41,49,0.2866
15,216,230,0.28652
8,161,168,0.28556
9,86,94,0.28538
9,108,116,0.28513
9,1378,1386,0.28478
9,1367,1375,0.28475
9,187,195,0.28395
10,1324,1333,0.28342
10,1324,1333,0.28342
9,609,617,0.28333
9,609,617,0.28333
10,2318,2327,0.28308
9,418,426,0.28286
14,4039,4052,0.28263
11,73,83,0.2826
9,3,11,0.28259
9,1852,1860,0.28243
9,2782,2790,0.28227
15,101,115,0.28184
9,263,271,0.28158
9,827,835,0.28158
9,6980,6988,0.28124
10,188,197,0.28109
9,348,356,0.28107
9,78,86,0.28107
15,11,25,0.281
10,485,494,0.27936
17,284,300,0.27928
9,2425,2433,0.27922
10,59,68,0.27885
13,293,305,0.27849
11,80,90,0.27772
10,1810,1819,0.27762
9,3467,3475,0.27719
11,161,171,0.27707
9,825,833,0.277
9,152,160,0.27692
10,1211,1220,0.27684
10,171,180,0.27669
9,655,663,0.27646
9,596,604,0.27642
9,6443,6451,0.27639
9,164,172,0.27608
8,611,618,0.27589
11,462,472,0.27588
9,48,56,0.27566
10,2053,2062,0.27524
10,28,37,0.27445
9,30,38,0.27435
9,608,616,0.27367
9,55,63,0.27363
10,123,132,0.27346
10,1697,1706,0.27343
10,45,54,0.27333
9,53,61,0.27321
9,10,18,0.27259
10,925,934,0.27241
9,1220,1228,0.27206
15,321,335,0.27174
9,1074,1082,0.27138
9,1078,1086,0.27138
9,1075,1083,0.27138
10,479,488,0.27127
9,106,114,0.27126
9,44,52,0.2707
9,36,44,0.2707
11,94,104,0.27068
10,519,528,0.26965
13,157,169,0.26923
11,341,351,0.2692
9,522,530,0.26873
15,21,35,0.26836
11,1206,1216,0.26832
9,26,34,0.2683
9,53,61,0.26817
10,471,480,0.26769
10,711,720,0.26757
9,2273,2281,0.26752
9,2351,2359,0.26702
9,148,156,0.26692
16,5766,5781,0.26683
25,310,334,0.26683
9,158,166,0.26674
9,43,51,0.26629
9,68,76,0.26615
9,29,37,0.26602
9,207,215,0.26588
9,1919,1927,0.26588
9,789,797,0.26577
9,789,797,0.26577
9,13,21,0.26544
9,2445,2453,0.26543
9,376,384,0.26521
9,902,910,0.26515
10,2272,2281,0.26507
9,542,550,0.26442
9,289,297,0.26418
10,77,86,0.26408
9,2901,2909,0.26401
10,4093,4102,0.26371
9,40,48,0.2634
18,1310,1327,0.2634
9,17,25,0.26315
32,1,32,0.26284
11,170,180,0.26258
9,1148,1156,0.26255
11,170,180,0.26228
11,141,151,0.26228
15,4728,4742,0.26223
10,77,86,0.262
9,42,50,0.26164
15,316,330,0.26142
9,6102,6110,0.26126
11,24,34,0.26115
11,155,165,0.26111
15,5083,5097,0.26079
9,50,58,0.26074
18,190,207,0.26044
18,386,403,0.26042
9,138,146,0.2601
15,108,122,0.25942
9,3768,3776,0.25884
9,2168,2176,0.25876
9,721,729,0.2586
9,105,113,0.25835
9,25,33,0.25834
9,2273,2281,0.25822
9,236,244,0.25801
10,1325,1334,0.258
9,400,408,0.25778
9,418,426,0.25778
8,2169,2176,0.25778
10,862,871,0.2577
9,159,167,0.25767
17,706,722,0.25659
9,136,144,0.25658
9,1887,1895,0.25658
15,321,335,0.25651
9,85,93,0.25628
8,621,628,0.25606
9,3482,3490,0.25596
10,1779,1788,0.25589
15,53,67,0.2551
10,507,516,0.25496
9,164,172,0.25459
15,257,271,0.25457
9,3752,3760,0.25451
15,49,63,0.25447
9,186,194,0.25431
10,2282,2291,0.25417
9,1270,1278,0.2541
18,78,95,0.25395
11,41,51,0.25387
10,1133,1142,0.25375
10,19,28,0.25355
9,128,136,0.25291
9,1531,1539,0.25287
9,389,397,0.25241
10,225,234,0.25233
15,4693,4707,0.25225
16,108,123,0.2518
9,7,15,0.25171
9,277,285,0.25158
9,281,289,0.25136
9,394,402,0.25123
11,76,86,0.25109
11,76,86,0.25109
9,88,96,0.25108
10,1004,1013,0.25055
9,15,23,0.25044
9,77,85,0.25027
8,235,242,0.25013
10,358,367,0.24992
9,3054,3062,0.24963
9,19,27,0.24922
11,76,86,0.24901
11,49,59,0.24901
9,83,91,0.24888
9,99,107,0.24888
10,1321,1330,0.24868
9,263,271,0.24864
10,630,639,0.2486
9,68,76,0.24842
10,1408,1417,0.24833
9,54,62,0.24802
9,1283,1291,0.24766
9,862,870,0.24732
12,2847,2858,0.24717
13,277,289,0.24672
10,1409,1418,0.24644
10,1409,1418,0.24644
9,28,36,0.24642
15,740,754,0.24629
10,3481,3490,0.24627
9,278,286,0.24622
15,5308,5322,0.24589
9,483,491,0.24571
9,190,198,0.24568
9,4892,4900,0.24538
8,1941,1948,0.24529
9,524,532,0.24503
9,27,35,0.2447
10,116,125,0.2446
13,45,57,0.24457
15,171,185,0.24446
15,41,55,0.24422
11,53,63,0.24417
10,2224,2233,0.24399
8,232,239,0.24395
9,6749,6757,0.24386
18,1369,1386,0.24383
9,255,263,0.24347
10,78,87,0.24336
9,381,389,0.24321
9,2168,2176,0.24316
10,51,60,0.24302
9,5246,5254,0.24273
9,486,494,0.24265
9,153,161,0.24245
9,790,798,0.24196
10,76,85,0.2417
10,76,85,0.2417
9,3732,3740,0.24141
10,530,539,0.2414
9,6501,6509,0.24122
9,346,354,0.2411
34,139,172,0.24094
9,34,42,0.24094
15,22,36,0.24073
16,284,299,0.24063
9,60,68,0.24053
15,3895,3909,0.24049
15,111,125,0.24046
10,1,10,0.24036
10,76,85,0.24026
10,76,85,0.24026
13,209,221,0.24004
9,5133,5141,0.24003
9,325,333,0.24003
18,137,154,0.23977
9,2279,2287,0.2394
11,117,127,0.23905
9,254,262,0.23895
9,610,618,0.23848
9,266,274,0.23848
15,181,195,0.23844
15,2300,2314,0.23841
9,351,359,0.23824
9,43,51,0.23802
11,737,747,0.23783
19,209,227,0.23772
10,45,54,0.2376
19,41,59,0.23734
9,177,185,0.23729
9,112,120,0.23721
9,2821,2829,0.23714
9,4083,4091,0.23712
9,4044,4052,0.23703
9,329,337,0.23668
9,666,674,0.23667
10,358,367,0.23666
9,44,52,0.23651
9,513,521,0.2365
9,146,154,0.23647
10,5133,5142,0.23628
25,1,25,0.23616
9,9,17,0.23613
9,5455,5463,0.236
10,111,120,0.23599
9,190,198,0.23564
9,184,192,0.23561
10,117,126,0.23537
10,257,266,0.23502
8,1005,1012,0.23475
10,249,258,0.2346
11,149,159,0.23454
9,827,835,0.23434
9,210,218,0.23434
9,23,31,0.23424
15,53,67,0.23398
9,84,92,0.23373
16,1916,1931,0.2337
10,4082,4091,0.23364
10,504,513,0.23337
15,101,115,0.23327
9,6154,6162,0.23318
9,201,209,0.23315
9,1296,1304,0.23304
9,53,61,0.23283
11,278,288,0.23262
13,321,333,0.23257
9,4,12,0.23237
9,2622,2630,0.2323
10,4724,4733,0.23204
25,34,58,0.23199
10,2607,2616,0.23163
10,1846,1855,0.23152
15,4718,4732,0.2315
9,4859,4867,0.23144
10,496,505,0.23116
9,1073,1081,0.23107
9,1077,1085,0.23107
9,1073,1081,0.23107
9,1073,1081,0.23107
10,5267,5276,0.23099
9,157,165,0.2309
9,720,728,0.2308
9,2286,2294,0.2308
9,2496,2504,0.23078
9,710,718,0.23071
10,307,316,0.22998
9,211,219,0.22953
9,18,26,0.22913
9,330,338,0.22911
15,491,505,0.22908
10,152,161,0.22902
15,5118,5132,0.22901
9,1073,1081,0.22897
9,61,69,0.22897
9,1073,1081,0.22897
9,221,229,0.22872
10,2140,2149,0.22856
9,712,720,0.2284
10,281,290,0.22821
9,41,49,0.22818
9,1014,1022,0.22813
10,247,256,0.22806
9,48,56,0.22775
19,450,468,0.22769
15,656,670,0.22755
10,365,374,0.2274
9,24,32,0.22729
9,141,149,0.22722
23,3191,3213,0.22676
9,319,327,0.22673
9,860,868,0.22651
9,2464,2472,0.22648
9,298,306,0.22638
8,2330,2337,0.22626
15,1101,1115,0.2261
9,97,105,0.22572
11,127,137,0.22568
11,2161,2171,0.22564
9,3582,3590,0.22547
9,265,273,0.22537
9,110,118,0.22519
10,77,86,0.22488
9,339,347,0.22473
9,194,202,0.22446
9,194,202,0.22446
15,1706,1720,0.22431
9,1087,1095,0.22421
17,177,193,0.22413
10,104,113,0.22373
9,95,103,0.22362
10,360,369,0.22336
9,557,565,0.22318
15,4803,4817,0.22313
12,221,232,0.22309
9,1179,1187,0.22304
10,77,86,0.2228
9,545,553,0.22273
8,1056,1063,0.22246
9,3605,3613,0.2224
15,249,263,0.22238
10,36,45,0.2221
10,36,45,0.2221
10,37,46,0.2221
9,1894,1902,0.222
15,5268,5282,0.2218
11,5914,5924,0.2211
13,174,186,0.22105
17,511,527,0.22099
9,7021,7029,0.22081
10,1282,1291,0.22062
10,1285,1294,0.22062
10,1273,1282,0.22062
10,1275,1284,0.22062
9,481,489,0.22039
12,958,969,0.2202
9,113,121,0.22017
10,213,222,0.22017
10,1406,1415,0.21982
15,317,331,0.21978
20,1531,1550,0.21951
13,281,293,0.21941
9,170,178,0.21941
9,260,268,0.2194
14,1285,1298,0.21938
9,361,369,0.21934
10,251,260,0.21926
10,2577,2586,0.21926
10,155,164,0.21898
11,76,86,0.21897
11,76,86,0.21897
15,4788,4802,0.21869
9,166,174,0.21869
12,98,109,0.2186
10,440,449,0.21856
9,26,34,0.2185
15,4598,4612,0.21843
9,514,522,0.2179
10,1406,1415,0.21765
9,108,116,0.21764
9,626,634,0.21755
9,5686,5694,0.21747
10,196,205,0.21736
9,32,40,0.21733
9,99,107,0.21713
11,76,86,0.21689
11,76,86,0.21689
9,46,54,0.21682
10,1335,1344,0.21669
10,566,575,0.2163
9,1208,1216,0.21624
9,158,166,0.21609
10,141,150,0.21604
15,4638,4652,0.21604
10,149,158,0.21599
9,1056,1064,0.21598
10,34,43,0.21598
10,1269,1278,0.21559
15,4918,4932,0.21555
9,94,102,0.21546
9,1975,1983,0.21546
10,291,300,0.2154
9,166,174,0.21539
9,135,143,0.2153
9,702,710,0.21515
9,47,55,0.21515
8,31,38,0.21507
15,4423,4437,0.21475
9,83,91,0.21444
10,1858,1867,0.21438
10,127,136,0.21408
9,1100,1108,0.21399
10,613,622,0.21393
9,1175,1183,0.21344
9,1148,1156,0.21344
11,337,347,0.21291
9,311,319,0.21284
9,77,85,0.21251
10,417,426,0.2125
9,77,85,0.21225
9,234,242,0.21209
9,43,51,0.21209
9,243,251,0.21207
10,193,202,0.21204
18,255,272,0.21204
10,1095,1104,0.21202
9,93,101,0.21181
15,193,207,0.21168
10,128,137,0.21168
18,105,122,0.21166
10,150,159,0.21126
9,1734,1742,0.21117
9,77,85,0.21107
15,5248,5262,0.21098
18,377,394,0.21096
9,357,365,0.21088
9,234,242,0.21082
8,122,129,0.21081
9,418,426,0.2108
9,20,28,0.21072
10,1366,1375,0.21068
9,29,37,0.21055
9,618,626,0.21049
15,317,331,0.2104
9,387,395,0.21029
9,9,17,0.21019
15,506,520,0.21018
9,371,379,0.20976
10,1272,1281,0.20946
9,157,165,0.20942
11,881,891,0.20928
10,360,369,0.20927
20,121,140,0.20914
9,197,205,0.20913
11,4070,4080,0.20908
9,221,229,0.20908
9,354,362,0.20905
19,73,91,0.20886
12,108,119,0.20867
12,258,269,0.20866
9,96,104,0.20864
9,27,35,0.20856
9,2228,2236,0.20844
9,1059,1067,0.20837
15,4583,4597,0.2083
10,1054,1063,0.20814
8,101,108,0.20799
9,67,75,0.2079
9,881,889,0.20785
10,203,212,0.20771
9,4533,4541,0.20743
10,2704,2713,0.20738
9,98,106,0.20738
15,1971,1985,0.20706
15,684,698,0.20691
15,556,570,0.2068
10,76,85,0.2066
10,76,85,0.2066
10,464,473,0.20642
9,1290,1298,0.20637
25,31,55,0.20634
8,45,52,0.20618
15,149,163,0.20587
10,276,285,0.20577
9,213,221,0.20568
9,2998,3006,0.20554
11,112,122,0.20538
17,3152,3168,0.2052
9,582,590,0.2052
10,888,897,0.20518
10,76,85,0.20516
10,76,85,0.20516
10,65,74,0.20513
9,25,33,0.2048
9,77,85,0.20444
9,2094,2102,0.20444
9,207,215,0.2043
9,347,355,0.20423
9,386,394,0.20422
12,31,42,0.2042
9,6365,6373,0.20416
10,42,51,0.20412
15,101,115,0.204
15,1726,1740,0.20383
10,990,999,0.20374
15,2570,2584,0.20358
10,1830,1839,0.20343
9,233,241,0.20333
9,2126,2134,0.20331
9,336,344,0.20318
9,138,146,0.20311
9,424,432,0.20308
9,6204,6212,0.20289
9,325,333,0.20284
9,43,51,0.20277
9,86,94,0.20277
10,828,837,0.20242
10,21,30,0.20223
15,4853,4867,0.20215
15,73,87,0.202
15,191,205,0.20185
10,130,139,0.20156
9,148,156,0.20141
15,5243,5257,0.20138
15,536,550,0.2013
13,25,37,0.2009
10,21,30,0.20086
10,109,118,0.20083
9,51,59,0.20076
10,1406,1415,0.20065
10,1175,1184,0.20058
9,36,44,0.20018
8,1546,1553,0.20017
15,5233,5247,0.20012
9,627,635,0.20008
9,71,79,0.19994
10,3612,3621,0.19983
9,864,872,0.19973
13,161,173,0.19968
10,133,142,0.19958
10,173,182,0.19952
14,79,92,0.19922
10,1811,1820,0.19919
9,503,511,0.19917
9,156,164,0.19891
13,209,221,0.19858
9,5924,5932,0.19857
9,407,415,0.19839
9,276,284,0.19818
10,129,138,0.1981
10,126,135,0.1981
9,6453,6461,0.19804
9,886,894,0.19798
10,2142,2151,0.19794
20,91,110,0.1979
16,512,527,0.19779
18,260,277,0.19743
10,284,293,0.1974
10,1271,1280,0.19733
9,173,181,0.19728
15,181,195,0.19723
9,137,145,0.19675
10,1707,1716,0.1967
10,1707,1716,0.1967
9,1149,1157,0.1964
10,551,560,0.19639
10,94,103,0.19632
10,857,866,0.19628
15,91,105,0.19572
37,30,66,0.19559
10,506,515,0.19547
10,1687,1696,0.19544
10,303,312,0.19538
9,251,259,0.1953
10,4558,4567,0.1953
18,575,592,0.19522
13,209,221,0.1951
10,2772,2781,0.19493
9,26,34,0.19491
9,285,293,0.1949
9,409,417,0.19489
20,61,80,0.19488
10,429,438,0.19435
9,1499,1507,0.1943
11,149,159,0.19415
9,115,123,0.19411
9,4726,4734,0.19398
9,110,118,0.19394
11,67,77,0.19369
9,1984,1992,0.19314
12,340,351,0.19312
9,111,119,0.19308
8,1322,1329,0.19308
9,42,50,0.19292
9,133,141,0.19291
10,3113,3122,0.19277
9,287,295,0.19259
8,1636,1643,0.19239
9,348,356,0.19226
9,30,38,0.19204
10,2912,2921,0.1918
10,61,70,0.19176
9,568,576,0.19175
11,1337,1347,0.19172
11,170,180,0.19164
9,1635,1643,0.19152
9,17,25,0.19142
8,89,96,0.19136
8,161,168,0.19128
45,1038,1082,0.19119
10,11,20,0.19112
9,284,292,0.19072
9,780,788,0.19042
19,401,419,0.19036
9,16,24,0.19022
9,354,362,0.18992
9,536,544,0.18978
9,2936,2944,0.18976
9,4971,4979,0.18976
9,26,34,0.18972
9,54,62,0.1896
11,773,783,0.18952
9,330,338,0.18936
9,407,415,0.18934
9,83,91,0.18923
9,566,574,0.18918
9,2889,2897,0.18894
10,5533,5542,0.18882
9,1789,1797,0.18879
9,2132,2140,0.18868
9,99,107,0.1885
9,42,50,0.1885
9,22,30,0.18847
9,3437,3445,0.18838
10,424,433,0.18796
9,698,706,0.18787
9,124,132,0.18775
9,73,81,0.18759
10,1210,1219,0.18682
15,720,734,0.18672
9,91,99,0.1867
9,2819,2827,0.1866
10,52,61,0.18657
10,1336,1345,0.18655
10,1376,1385,0.18635
9,206,214,0.18634
8,38,45,0.18628
9,1682,1690,0.18613
9,30,38,0.18609
9,307,315,0.18609
10,480,489,0.18603
9,62,70,0.18594
18,1410,1427,0.18587
10,848,857,0.18565
9,1415,1423,0.18539
14,183,196,0.18536
10,2347,2356,0.18528
9,712,720,0.18523
10,1376,1385,0.18509
9,1768,1776,0.18485
10,539,548,0.18477
9,39,47,0.18472
8,139,146,0.18469
10,843,852,0.18462
9,216,224,0.18435
15,909,923,0.18405
9,15,23,0.18373
9,150,158,0.18365
11,1375,1385,0.18354
9,94,102,0.18333
9,49,57,0.18328
10,261,270,0.18318
9,45,53,0.18314
15,464,478,0.18311
15,61,75,0.18308
9,1000,1008,0.18306
10,247,256,0.18304
10,156,165,0.18299
10,4557,4566,0.18295
9,178,186,0.18291
18,1,18,0.18276
9,43,51,0.18275
10,2879,2888,0.18266
10,64,73,0.18266
10,389,398,0.18266
10,2877,2886,0.18266
11,1984,1994,0.18245
18,17,34,0.18237
9,28,36,0.18232
15,33,47,0.18172
9,5269,5277,0.18167
17,3197,3213,0.18166
9,98,106,0.18148
9,5,13,0.18104
10,248,257,0.18102
9,3597,3605,0.18095
9,15,23,0.18092
10,2473,2482,0.18092
9,30,38,0.18079
9,6,14,0.18069
15,15,29,0.18062
11,152,162,0.18054
11,606,616,0.18046
15,201,215,0.18046
10,2875,2884,0.18043
15,5223,5237,0.18041
9,780,788,0.18035
9,154,162,0.18031
15,942,956,0.1803
9,8,16,0.18024
9,47,55,0.18007
10,28,37,0.18
8,68,75,0.1799
10,2835,2844,0.17988
9,1859,1867,0.17985
14,3705,3718,0.17978
9,914,922,0.17974
9,1,9,0.17973
9,862,870,0.17971
9,2828,2836,0.17957
9,1073,1081,0.17947
18,813,830,0.17937
9,1131,1139,0.17929
10,2124,2133,0.179
9,187,195,0.179
9,15,23,0.17884
10,1852,1861,0.17882
9,1538,1546,0.17878
10,1743,1752,0.17861
9,41,49,0.17829
9,87,95,0.17814
9,61,69,0.17814
10,367,376,0.17808
9,1321,1329,0.17781
10,47,56,0.17772
9,212,220,0.1774
10,3308,3317,0.1772
11,135,145,0.1772
9,55,63,0.17715
14,2086,2099,0.17713
9,286,294,0.17706
9,22,30,0.1769
9,106,114,0.17682
9,296,304,0.17664
9,325,333,0.17646
9,844,852,0.17635
9,501,509,0.17635
9,263,271,0.17632
9,109,117,0.17622
9,141,149,0.17616
9,26,34,0.17608
11,359,369,0.17602
9,5533,5541,0.17586
10,47,56,0.17555
10,47,56,0.17555
9,100,108,0.17536
10,18,27,0.17524
10,18,27,0.17524
9,2785,2793,0.17504
9,121,129,0.1749
10,77,86,0.17468
9,540,548,0.17457
10,1342,1351,0.17448
9,925,933,0.17438
10,807,816,0.17407
10,365,374,0.17396
10,1755,1764,0.17389
15,137,151,0.17383
10,59,68,0.17347
9,1516,1524,0.17332
15,1529,1543,0.17312
10,2453,2462,0.17305
10,281,290,0.17282
10,210,219,0.17279
9,457,465,0.1726
9,302,310,0.1726
10,50,59,0.1726
9,30,38,0.17233
9,714,722,0.17229
9,6968,6976,0.17228
10,940,949,0.17211
9,3598,3606,0.17203
8,961,968,0.17188
9,451,459,0.17187
15,253,267,0.17172
11,162,172,0.17171
11,593,603,0.17136
9,120,128,0.17118
9,654,662,0.17109
10,569,578,0.17106
9,165,173,0.17098
9,2870,2878,0.17088
20,122,141,0.17085
9,2284,2292,0.17064
9,271,279,0.17046
9,128,136,0.17033
10,18,27,0.17028
10,1577,1586,0.17028
9,4266,4274,0.17009
9,277,285,0.16953
9,686,694,0.16943
9,551,559,0.16938
9,843,851,0.16924
10,1038,1047,0.16898
10,18,27,0.16873
10,18,27,0.16873
18,344,361,0.16838
9,804,812,0.16838
9,1114,1122,0.16833
9,272,280,0.16812
9,305,313,0.16798
10,648,657,0.16788
9,233,241,0.16778
9,1750,1758,0.16752
9,385,393,0.16749
18,8,25,0.16743
9,329,337,0.16738
10,615,624,0.16737
9,2326,2334,0.1673
12,1,12,0.1672
9,17,25,0.16715
9,4725,4733,0.16662
15,4673,4687,0.16638
9,1095,1103,0.16605
20,584,603,0.16605
9,1138,1146,0.16595
10,1270,1279,0.16586
15,667,681,0.16584
10,135,144,0.1657
9,77,85,0.16567
9,808,816,0.16567
9,47,55,0.16559
9,349,357,0.16546
9,77,85,0.16529
8,957,964,0.16528
9,1482,1490,0.16515
8,506,513,0.16478
9,113,121,0.16478
9,40,48,0.16447
9,97,105,0.16419
9,480,488,0.16415
9,77,85,0.16415
25,121,145,0.1641
8,870,877,0.16404
9,60,68,0.16385
9,194,202,0.16382
11,664,674,0.16361
9,5073,5081,0.16358
10,40,49,0.16353
10,40,49,0.16343
9,442,450,0.16341
10,1364,1373,0.16334
15,4808,4822,0.1633
9,488,496,0.16328
10,140,149,0.16324
10,243,252,0.16318
10,238,247,0.16288
9,20,28,0.16273
9,880,888,0.16268
9,38,46,0.16258
10,320,329,0.16222
9,2,10,0.16214
11,181,191,0.16195
10,12,21,0.1619
8,135,142,0.16184
9,2788,2796,0.16174
10,2121,2130,0.1617
11,160,170,0.16169
20,2784,2803,0.16167
15,501,515,0.16156
9,6101,6109,0.16112
9,207,215,0.16109
9,172,180,0.16091
15,5073,5087,0.16083
9,343,351,0.16082
10,744,753,0.16078
9,70,78,0.16073
9,104,112,0.16073
9,512,520,0.1607
9,380,388,0.16066
15,1662,1676,0.16064
9,572,580,0.16063
9,175,183,0.16048
10,371,380,0.16034
9,164,172,0.16031
18,145,162,0.16029
9,88,96,0.16025
9,4926,4934,0.1602
9,2225,2233,0.16012
9,2167,2175,0.15992
18,165,182,0.15976
9,100,108,0.15975
9,913,921,0.15971
9,2049,2057,0.15967
9,238,246,0.15947
9,2850,2858,0.15945
9,1734,1742,0.15942
11,843,853,0.15922
9,113,121,0.15898
10,1408,1417,0.15893
15,1004,1018,0.15883
9,274,282,0.15878
9,51,59,0.15864
9,5542,5550,0.1586
9,381,389,0.15858
9,382,390,0.15858
9,1181,1189,0.15852
9,2,10,0.15846
9,506,514,0.1583
10,151,160,0.15815
10,60,69,0.15809
9,280,288,0.15782
9,807,815,0.15781
11,2799,2809,0.1577
9,358,366,0.1576
9,5916,5924,0.15714
16,93,108,0.15712
9,118,126,0.15709
15,1355,1369,0.15694
15,4878,4892,0.1569
9,97,105,0.15679
10,611,620,0.15676
9,363,371,0.15673
9,5470,5478,0.15656
9,889,897,0.15638
10,1279,1288,0.15637
11,2559,2569,0.1563
11,408,418,0.15623
15,106,120,0.15615
9,15,23,0.156
9,2083,2091,0.15597
15,210,224,0.1559
9,752,760,0.15564
9,781,789,0.1555
10,108,117,0.15544
15,131,145,0.15522
9,3013,3021,0.1552
10,1211,1220,0.15516
9,325,333,0.15481
9,1256,1264,0.15478
15,509,523,0.15477
10,258,267,0.15455
9,4558,4566,0.1545
9,226,234,0.15441
14,2956,2969,0.15431
10,2420,2429,0.15424
10,1409,1418,0.15406
12,93,104,0.15404
9,414,422,0.15396
40,424,463,0.15383
10,18,27,0.15382
10,33,42,0.15372
10,2047,2056,0.15361
10,718,727,0.15353
9,316,324,0.15349
9,23,31,0.15335
10,686,695,0.15304
8,260,267,0.15303
9,97,105,0.15261
9,258,266,0.15259
9,4977,4985,0.15254
9,211,219,0.15248
9,54,62,0.15246
9,54,62,0.15246
9,386,394,0.15244
12,36,47,0.15238
33,168,200,0.15227
9,120,128,0.15222
9,86,94,0.15221
9,4419,4427,0.152
9,12,20,0.15184
9,1,9,0.1517
9,36,44,0.15166
9,996,1004,0.15157
10,114,123,0.1515
15,526,540,0.15135
9,213,221,0.15128
10,2589,2598,0.1509
9,100,108,0.15085
9,757,765,0.15059
10,1406,1415,0.15055
10,44,53,0.15042
9,75,83,0.15038
9,3573,3581,0.15026
16,311,326,0.15024
10,4089,4098,0.15017
9,3122,3130,0.15015
14,2660,2673,0.15013
11,1248,1258,0.14965
9,150,158,0.14953
9,61,69,0.14942
9,341,349,0.14939
10,75,84,0.14906
9,87,95,0.14895
10,1498,1507,0.14894
9,424,432,0.1489
9,131,139,0.14878
11,448,458,0.14878
10,2,11,0.14862
10,57,66,0.14859
9,69,77,0.14858
18,3199,3216,0.1482
9,646,654,0.14784
9,2822,2830,0.14774
9,1039,1047,0.14773
9,1000,1008,0.14719
9,2350,2358,0.14715
9,240,248,0.14715
9,453,461,0.147
9,85,93,0.14698
15,5038,5052,0.14684
9,161,169,0.14681
10,439,448,0.14667
9,505,513,0.14644
9,108,116,0.14624
9,315,323,0.14617
15,41,55,0.14595
9,2334,2342,0.14572
10,289,298,0.14554
9,1874,1882,0.14548
10,1406,1415,0.14528
10,1406,1415,0.14528
11,297,307,0.14527
9,76,84,0.14509
11,352,362,0.14418
9,41,49,0.14404
9,183,191,0.14404
9,50,58,0.14391
9,41,49,0.14386
9,2846,2854,0.14383
9,5710,5718,0.14377
9,44,52,0.14358
10,464,473,0.14332
10,78,87,0.14316
9,3489,3497,0.14289
19,1049,1067,0.14277
9,321,329,0.14261
9,881,889,0.14254
9,596,604,0.14234
9,82,90,0.14216
10,745,754,0.142
9,152,160,0.14153
9,3374,3382,0.14146
9,2749,2757,0.14139
9,2192,2200,0.14136
10,3329,3338,0.14091
9,505,513,0.1409
14,250,263,0.1406
15,21,35,0.14051
15,37,51,0.14043
9,10,18,0.14039
9,3153,3161,0.14035
9,593,601,0.14019
9,84,92,0.14018
15,381,395,0.14004
10,541,550,0.1399
9,65,73,0.13985
9,61,69,0.13976
10,249,258,0.13954
11,139,149,0.13952
9,233,241,0.13944
14,86,99,0.13924
10,1411,1420,0.13921
9,684,692,0.13914
14,46,59,0.13902
9,1654,1662,0.13896
9,191,199,0.13894
10,35,44,0.13882
15,4698,4712,0.13861
9,834,842,0.13836
15,32,46,0.13812
15,601,615,0.13791
9,2347,2355,0.13775
15,2773,2787,0.13766
8,2788,2795,0.13762
9,46,54,0.1374
9,2821,2829,0.1373
9,551,559,0.13693
8,756,763,0.13663
9,43,51,0.13657
9,141,149,0.13653
10,50,59,0.13652
9,37,45,0.13635
9,402,410,0.13602
10,363,372,0.13585
9,744,752,0.1358
10,273,282,0.13554
10,77,86,0.13548
9,6148,6156,0.13524
9,142,150,0.13516
9,274,282,0.13511
9,731,739,0.13498
9,220,228,0.1349
9,43,51,0.13484
9,2384,2392,0.13481
10,2947,2956,0.13476
10,345,354,0.13422
10,452,461,0.13416
9,293,301,0.13414
9,6,14,0.13386
10,269,278,0.1338
9,272,280,0.1337
9,52,60,0.1335
10,77,86,0.1334
9,1705,1713,0.13333
9,242,250,0.13318
11,323,333,0.13297
9,504,512,0.13292
9,125,133,0.13289
9,6287,6295,0.13287
9,586,594,0.13283
9,413,421,0.13283
15,26,40,0.13278
9,162,170,0.13273
9,1,9,0.13255
9,492,500,0.1325
20,71,90,0.13244
10,189,198,0.13239
10,5072,5081,0.13226
9,6412,6420,0.13225
9,4586,4594,0.13197
15,816,830,0.13189
9,430,438,0.1316
9,107,115,0.13151
11,165,175,0.13131
9,146,154,0.13131
10,1386,1395,0.13123
9,448,456,0.13078
10,3,12,0.13077
9,361,369,0.1306
9,361,369,0.1306
9,108,116,0.13058
9,108,116,0.13058
9,269,277,0.1305
19,298,316,0.13049
10,1406,1415,0.13043
15,4688,4702,0.13036
9,2474,2482,0.1303
9,82,90,0.13016
9,756,764,0.13015
9,1891,1899,0.13014
9,621,629,0.13006
9,625,633,0.13006
10,56,65,0.12982
9,207,215,0.12976
10,47,56,0.12967
9,1082,1090,0.12962
11,76,86,0.12957
11,76,86,0.12957
9,808,816,0.12918
9,804,812,0.12918
10,1322,1331,0.12895
9,99,107,0.12889
10,4892,4901,0.12874
9,88,96,0.12863
11,130,140,0.12821
9,838,846,0.12815
8,2949,2956,0.12802
9,1851,1859,0.12792
9,1060,1068,0.1278
10,262,271,0.12764
9,2366,2374,0.12754
11,76,86,0.12749
11,76,86,0.12749
9,2729,2737,0.12745
14,3898,3911,0.12727
18,92,109,0.1272
9,202,210,0.1272
9,161,169,0.12704
9,1223,1231,0.12695
15,206,220,0.12694
15,2434,2448,0.12679
10,47,56,0.12654
9,3,11,0.12631
9,350,358,0.12625
9,2355,2363,0.12623
10,1309,1318,0.12619
9,441,449,0.12607
9,3109,3117,0.12604
9,2589,2597,0.126
9,2611,2619,0.12599
9,2843,2851,0.1259
10,1444,1453,0.12579
10,1407,1416,0.12579
9,3693,3701,0.12576
9,157,165,0.12576
9,8,16,0.1257
11,514,524,0.1254
9,147,155,0.12537
10,2278,2287,0.12505
10,18,27,0.12502
8,86,93,0.12501
9,30,38,0.12496
9,127,135,0.12487
9,61,69,0.12481
15,4708,4722,0.12472
9,77,85,0.12465
11,417,427,0.12446
9,535,543,0.12436
9,564,572,0.12436
9,3717,3725,0.12422
32,350,381,0.12405
9,5228,5236,0.1234
9,265,273,0.12336
12,1091,1102,0.1229
10,1388,1397,0.12283
9,344,352,0.12263
10,324,333,0.12256
10,1983,1992,0.12251
10,432,441,0.12248
9,233,241,0.12189
9,2949,2957,0.12154
9,2952,2960,0.12154
10,394,403,0.12147
15,449,463,0.1214
9,208,216,0.12139
9,44,52,0.12067
10,138,147,0.12064
10,164,173,0.12057
10,761,770,0.12051
9,99,107,0.12037
23,3,25,0.1203
10,733,742,0.12024
10,76,85,0.12018
10,76,85,0.12018
9,60,68,0.11999
10,135,144,0.11988
9,329,337,0.11986
9,2048,2056,0.11982
9,2019,2027,0.11969
9,4094,4102,0.11957
10,1267,1276,0.11946
9,423,431,0.11939
9,4090,4098,0.11933
9,1188,1196,0.1192
9,150,158,0.11919
9,2276,2284,0.11912
8,115,122,0.11904
9,138,146,0.11902
9,551,559,0.11902
9,138,146,0.11902
10,76,85,0.11874
10,76,85,0.11874
10,649,658,0.11872
9,640,648,0.11854
10,126,135,0.11854
10,55,64,0.11853
9,139,147,0.11841
15,473,487,0.11835
9,653,661,0.11797
15,4943,4957,0.11789
9,26,34,0.11777
9,118,126,0.11776
15,46,60,0.11774
9,84,92,0.11767
9,1791,1799,0.11738
9,345,353,0.11714
15,682,696,0.11713
9,2348,2356,0.11708
9,603,611,0.11686
10,1410,1419,0.11674
15,191,205,0.11666
9,156,164,0.11657
9,114,122,0.11655
9,1071,1079,0.11652
9,1073,1081,0.11652
9,1074,1082,0.11652
9,1077,1085,0.11652
9,1078,1086,0.11652
10,40,49,0.11647
9,857,865,0.11635
12,6875,6886,0.1162
9,78,86,0.11617
9,474,482,0.11615
11,504,514,0.11612
9,4716,4724,0.11594
8,84,91,0.11592
11,289,299,0.11591
9,497,505,0.1157
10,348,357,0.11563
10,538,547,0.11563
15,285,299,0.11555
15,1435,1449,0.11524
9,93,101,0.11509
10,2077,2086,0.11508
9,3108,3116,0.11506
9,186,194,0.11496
9,1062,1070,0.11472
9,347,355,0.11467
9,132,140,0.11457
9,367,375,0.11457
9,241,249,0.1145
9,5315,5323,0.11439
10,1765,1774,0.11424
9,212,220,0.11414
9,1207,1215,0.1141
10,134,143,0.11409
9,1641,1649,0.11404
9,53,61,0.11401
9,425,433,0.114
10,460,469,0.11398
9,94,102,0.11393
18,337,354,0.11377
10,168,177,0.11345
9,120,128,0.11326
9,131,139,0.11324
9,2348,2356,0.11288
10,1286,1295,0.11264
9,516,524,0.11231
9,16,24,0.11228
9,4,12,0.11222
10,128,137,0.11216
9,3179,3187,0.11198
15,1431,1445,0.11192
9,501,509,0.11182
9,47,55,0.11173
9,1073,1081,0.11173
9,11992,12000,0.11167
9,393,401,0.11162
9,372,380,0.11149
9,101,109,0.11133
9,1114,1122,0.111
9,82,90,0.11082
9,258,266,0.11074
10,36,45,0.11066
9,4733,4741,0.11058
9,2084,2092,0.11043
10,233,242,0.11034
9,200,208,0.11014
9,661,669,0.11005
13,41,53,0.11004
9,3488,3496,0.10975
15,692,706,0.10953
9,82,90,0.10927
10,162,171,0.10927
10,78,87,0.10915
9,572,580,0.10903
9,1411,1419,0.10902
10,453,462,0.10901
9,2831,2839,0.10901
10,2781,2790,0.10893
10,1260,1269,0.10861
15,171,185,0.10847
9,220,228,0.10827
11,769,779,0.10812
9,1987,1995,0.1081
10,1408,1417,0.10793
10,1408,1417,0.10793
9,2629,2637,0.10788
9,77,85,0.10782
15,688,702,0.10769
9,723,731,0.10748
9,245,253,0.10735
9,106,114,0.10734
9,2841,2849,0.10734
9,978,986,0.10722
9,197,205,0.10712
11,150,160,0.1071
10,104,113,0.10691
20,51,70,0.10689
9,116,124,0.1067
9,115,123,0.1067
9,35,43,0.10648
11,186,196,0.10638
8,69,76,0.10632
9,4,12,0.10608
8,1645,1652,0.10597
8,1636,1643,0.10597
9,897,905,0.10591
15,61,75,0.10588
9,416,424,0.10579
9,91,99,0.10576
15,5133,5147,0.10574
9,37,45,0.10537
10,2268,2277,0.10522
9,340,348,0.10506
10,235,244,0.1047
9,296,304,0.10452
9,122,130,0.10428
10,149,158,0.10428
9,464,472,0.10425
10,4945,4954,0.10424
9,190,198,0.10395
9,358,366,0.10394
9,6908,6916,0.10385
9,169,177,0.10378
14,180,193,0.10346
9,3662,3670,0.10344
9,239,247,0.10338
15,1403,1417,0.10323
9,23,31,0.10316
9,518,526,0.10308
9,39,47,0.10308
9,249,257,0.10302
9,171,179,0.10302
10,330,339,0.10283
10,346,355,0.10282
15,617,631,0.1027
9,168,176,0.10263
11,196,206,0.10246
8,234,241,0.1024
9,146,154,0.10231
10,236,245,0.10224
10,2017,2026,0.10223
10,622,631,0.10218
9,6429,6437,0.10192
10,1897,1906,0.10186
11,459,469,0.10156
9,24,32,0.10154
9,2246,2254,0.10153
9,85,93,0.10146
9,58,66,0.10139
10,1409,1418,0.10136
10,1409,1418,0.10136
10,195,204,0.10088
10,1698,1707,0.10079
13,137,149,0.10078
9,54,62,0.1007
10,354,363,0.10064
9,420,428,0.10061
9,1443,1451,0.10056
11,137,147,0.10053
9,168,176,0.1005
9,186,194,0.10048
9,1056,1064,0.10048
9,193,201,0.10041
9,190,198,0.10039
10,88,97,0.10032
9,343,351,0.10001
9,343,351,0.10001
10,4,13,0.09966
9,232,240,0.09966
9,261,269,0.09963
9,341,349,0.09961
10,1158,1167,0.09956
15,31,45,0.09938
9,2582,2590,0.09932
9,245,253,0.09926
9,106,114,0.09923
15,145,159,0.09915
9,2590,2598,0.09905
20,2869,2888,0.09905
9,3054,3062,0.09856
15,129,143,0.09834
13,5,17,0.09821
9,3,11,0.0982
9,130,138,0.09774
11,453,463,0.09752
9,209,217,0.09738
10,88,97,0.09731
9,455,463,0.0969
9,442,450,0.0969
11,906,916,0.09677
10,5247,5256,0.09655
9,82,90,0.09626
15,1401,1415,0.09625
10,2003,2012,0.09612
10,386,395,0.0961
10,340,349,0.09604
20,201,220,0.096
9,15,23,0.09578
12,1857,1868,0.09552
9,101,109,0.0955
9,1193,1201,0.09544
10,351,360,0.09494
9,395,403,0.09491
9,39,47,0.0949
14,3364,3377,0.09482
9,446,454,0.09474
9,228,236,0.09456
10,165,174,0.09448
9,1497,1505,0.09436
10,613,622,0.09428
10,261,270,0.09396
9,88,96,0.09392
11,606,616,0.09388
11,604,614,0.09388
25,535,559,0.0935
20,1,20,0.09346
9,147,155,0.09324
15,4513,4527,0.09312
10,1404,1413,0.09306
9,3330,3338,0.09293
9,1675,1683,0.09274
9,1095,1103,0.09258
10,158,167,0.09258
9,108,116,0.09188
9,5615,5623,0.09181
9,449,457,0.0918
9,1169,1177,0.0915
10,6941,6950,0.09148
10,308,317,0.09147
15,2607,2621,0.09142
9,134,142,0.09126
9,1700,1708,0.09126
9,1169,1177,0.0912
9,2803,2811,0.09114
9,55,63,0.09113
8,989,996,0.091
9,92,100,0.09096
18,1415,1432,0.0909
9,11,19,0.09074
9,346,354,0.09072
9,6950,6958,0.09044
10,2149,2158,0.09041
32,127,158,0.09027
9,144,152,0.09026
9,89,97,0.09023
9,103,111,0.09014
15,991,1005,0.08998
10,557,566,0.08995
9,243,251,0.08994
9,6853,6861,0.08985
10,1134,1143,0.08958
9,5,13,0.08952
9,2463,2471,0.08952
9,162,170,0.08951
11,679,689,0.08935
10,1477,1486,0.08932
9,906,914,0.08919
9,6886,6894,0.08916
9,246,254,0.08913
9,361,369,0.089
13,265,277,0.08876
11,328,338,0.08857
9,3131,3139,0.08854
9,52,60,0.08842
10,197,206,0.0884
9,4827,4835,0.0883
10,4433,4442,0.08822
9,861,869,0.0882
9,755,763,0.08819
11,133,143,0.08816
15,101,115,0.08804
9,119,127,0.08794
10,1447,1456,0.08768
10,448,457,0.08754
10,435,444,0.08734
9,885,893,0.08716
10,2803,2812,0.08682
9,19,27,0.0868
9,19,27,0.0868
11,20,30,0.08664
13,5150,5162,0.08649
9,52,60,0.0864
10,109,118,0.08628
9,59,67,0.08623
9,1135,1143,0.08616
20,204,223,0.0861
9,211,219,0.08606
9,4863,4871,0.08593
13,1016,1028,0.08581
10,242,251,0.0857
12,376,387,0.08568
9,11,19,0.08566
9,4645,4653,0.08565
15,1055,1069,0.0855
9,441,449,0.08548
11,1031,1041,0.08544
10,224,233,0.0854
9,325,333,0.08508
10,1410,1419,0.08502
10,554,563,0.08488
10,28,37,0.08467
9,989,997,0.08452
15,4923,4937,0.08445
9,21,29,0.08441
9,1012,1020,0.08425
20,201,220,0.08422
9,5213,5221,0.08412
9,4433,4441,0.08403
9,66,74,0.08394
9,80,88,0.08379
9,143,151,0.0837
9,6775,6783,0.08342
18,497,514,0.0834
9,4699,4707,0.08328
9,1,9,0.08328
9,3,11,0.08319
9,94,102,0.08314
9,612,620,0.08295
9,132,140,0.08294
9,4515,4523,0.08282
9,6437,6445,0.0827
9,275,283,0.08255
9,1170,1178,0.08254
9,2816,2824,0.08253
10,189,198,0.08239
9,7020,7028,0.0822
9,2884,2892,0.08212
9,509,517,0.08204
9,62,70,0.08198
10,1747,1756,0.08189
10,4163,4172,0.08174
10,1666,1675,0.08158
15,86,100,0.08154
10,247,256,0.08148
9,2280,2288,0.0813
9,162,170,0.08126
9,863,871,0.08116
10,910,919,0.08112
15,3052,3066,0.08108
15,129,143,0.08094
10,133,142,0.08093
9,1248,1256,0.08077
9,40,48,0.08076
15,5238,5252,0.08073
9,24,32,0.08065
10,374,383,0.08052
10,721,730,0.08046
9,71,79,0.08034
9,3200,3208,0.08017
9,4673,4681,0.08004
9,12,20,0.07995
9,3711,3719,0.07994
9,70,78,0.07993
11,2,12,0.07984
10,82,91,0.07984
16,9,24,0.0798
9,1497,1505,0.07961
10,78,87,0.07924
9,547,555,0.07919
18,65,82,0.07906
15,249,263,0.07905
9,346,354,0.07891
9,4854,4862,0.0789
9,409,417,0.07878
9,438,446,0.07875
10,947,956,0.07862
9,607,615,0.0786
9,448,456,0.0783
15,2394,2408,0.07828
15,4678,4692,0.07821
9,716,724,0.07814
9,5679,5687,0.07781
9,255,263,0.07779
10,2049,2058,0.07771
9,94,102,0.07763
10,18,27,0.07762
8,150,157,0.0774
11,10,20,0.07738
9,4632,4640,0.07728
9,6499,6507,0.07705
10,651,660,0.07694
10,2209,2218,0.07673
10,1406,1415,0.07666
9,52,60,0.07648
11,2858,2868,0.07635
10,49,58,0.07628
13,7014,7026,0.07621
9,6851,6859,0.0762
10,197,206,0.07593
9,2351,2359,0.07563
20,240,259,0.07562
10,95,104,0.07559
9,5322,5330,0.07539
10,45,54,0.07527
9,209,217,0.07518
9,80,88,0.07501
18,193,210,0.07482
9,102,110,0.07481
10,1407,1416,0.07479
10,136,145,0.07477
9,374,382,0.07474
10,322,331,0.07464
9,3312,3320,0.07442
10,1248,1257,0.07429
9,2703,2711,0.07402
9,570,578,0.07383
9,120,128,0.07383
9,50,58,0.07377
13,165,177,0.07376
10,14,23,0.0736
9,4163,4171,0.07355
19,297,315,0.07354
9,107,115,0.07338
9,717,725,0.07332
9,333,341,0.07324
10,67,76,0.07318
10,1975,1984,0.07314
10,398,407,0.07288
20,741,760,0.07282
10,20,29,0.0728
9,90,98,0.07272
10,2349,2358,0.0725
9,86,94,0.07202
9,250,258,0.07197
8,134,141,0.07154
9,122,130,0.07147
11,456,466,0.07145
9,288,296,0.0713
11,164,174,0.07107
10,1714,1723,0.07104
10,2415,2424,0.07096
18,442,459,0.07082
9,63,71,0.07069
9,1,9,0.07069
9,1,9,0.07069
9,1563,1571,0.07068
9,1581,1589,0.0705
10,771,780,0.07048
11,33,43,0.07038
9,316,324,0.07018
15,91,105,0.07007
11,1294,1304,0.07001
9,88,96,0.06986
11,33,43,0.0697
15,774,788,0.06943
9,149,157,0.06934
25,100,124,0.06917
9,70,78,0.06897
9,95,103,0.06887
20,2941,2960,0.06872
11,1284,1294,0.06864
10,2000,2009,0.06856
9,79,87,0.06844
9,541,549,0.06838
9,50,58,0.06828
10,178,187,0.06785
10,2539,2548,0.06778
9,614,622,0.06759
9,614,622,0.06759
9,58,66,0.06759
9,614,622,0.06759
9,614,622,0.06759
18,764,781,0.06752
44,206,249,0.06744
9,160,168,0.06739
11,3743,3753,0.06738
15,5088,5102,0.06711
9,515,523,0.06707
8,55,62,0.06701
10,1094,1103,0.06689
9,57,65,0.06682
9,17,25,0.06668
10,451,460,0.0666
9,1173,1181,0.06659
9,17,25,0.06632
9,198,206,0.06615
9,134,142,0.06614
9,3760,3768,0.06608
10,7,16,0.06598
9,15,23,0.06594
10,90,99,0.06581
9,1206,1214,0.06574
9,265,273,0.06561
10,82,91,0.06541
9,77,85,0.06526
9,2134,2142,0.06515
15,111,125,0.06498
10,7,16,0.06496
10,161,170,0.06484
9,89,97,0.06464
9,89,97,0.06464
9,88,96,0.06464
9,1454,1462,0.06463
9,458,466,0.06451
9,650,658,0.06438
9,2388,2396,0.0642
10,1406,1415,0.06413
10,506,515,0.06412
15,149,163,0.06411
9,37,45,0.06394
9,385,393,0.0639
15,664,678,0.06375
9,811,819,0.06373
10,2115,2124,0.06354
9,69,77,0.06339
9,389,397,0.06339
9,1225,1233,0.06312
10,194,203,0.06306
9,562,570,0.06302
9,382,390,0.06288
9,420,428,0.0628
15,4548,4562,0.06271
9,108,116,0.06248
9,2688,2696,0.06247
9,2230,2238,0.06244
9,2230,2238,0.06244
9,692,700,0.06232
18,2124,2141,0.06216
9,2684,2692,0.06174
12,622,633,0.06171
10,4913,4922,0.06156
9,1090,1098,0.06152
15,2832,2846,0.06142
10,54,63,0.06135
9,2821,2829,0.06132
10,1019,1028,0.0611
10,167,176,0.06107
9,613,621,0.06063
9,213,221,0.06041
9,290,298,0.0601
15,126,140,0.05959
10,370,379,0.05957
9,635,643,0.05953
14,1316,1329,0.05942
9,247,255,0.05937
10,680,689,0.05935
10,104,113,0.05932
9,110,118,0.05923
9,4164,4172,0.05921
9,44,52,0.05908
9,3635,3643,0.05906
10,133,142,0.05906
10,1320,1329,0.05899
9,41,49,0.05897
10,33,42,0.05849
9,264,272,0.05835
10,3655,3664,0.05827
8,379,386,0.0581
8,392,399,0.0581
14,253,266,0.05802
9,282,290,0.0579
13,109,121,0.05785
32,18,49,0.05774
9,6566,6574,0.05751
9,79,87,0.05749
9,59,67,0.05747
10,1406,1415,0.05745
15,1361,1375,0.05743
9,133,141,0.05737
25,499,523,0.05683
10,457,466,0.05666
8,128,135,0.0566
8,233,240,0.0566
8,287,294,0.0566
8,224,231,0.0566
10,75,84,0.05652
9,541,549,0.05649
10,1097,1106,0.05646
9,29,37,0.05638
9,26,34,0.05638
9,12,20,0.05634
9,289,297,0.05621
9,289,297,0.05621
9,886,894,0.05617
10,243,252,0.0561
9,292,300,0.0559
9,3060,3068,0.05586
9,45,53,0.05582
10,4911,4920,0.05577
10,30,39,0.05542
9,457,465,0.05538
10,40,49,0.05537
9,75,83,0.05526
10,3202,3211,0.05519
11,216,226,0.05508
10,18,27,0.05505
9,48,56,0.05492
9,8,16,0.05475
15,1439,1453,0.0547
10,341,350,0.05454
10,221,230,0.05444
15,41,55,0.05415
9,18,26,0.05405
15,6,20,0.05386
9,5721,5729,0.0538
9,774,782,0.05362
9,219,227,0.05341
11,583,593,0.05335
9,5622,5630,0.05319
10,106,115,0.05311
9,647,655,0.05311
9,106,114,0.05302
10,216,225,0.05299
9,63,71,0.05295
10,181,190,0.05291
9,115,123,0.05291
10,1115,1124,0.05289
10,1416,1425,0.05274
9,445,453,0.05262
9,102,110,0.05253
9,1192,1200,0.05239
10,2024,2033,0.05219
10,1320,1329,0.05205
10,864,873,0.05204
11,142,152,0.05188
10,4514,4523,0.05177
9,721,729,0.05158
9,11,19,0.05154
9,412,420,0.05153
10,1371,1380,0.05152
10,1372,1381,0.05138
9,1102,1110,0.05132
9,251,259,0.05113
15,1,15,0.05102
9,3541,3549,0.05086
9,345,353,0.05076
10,2214,2223,0.05066
9,1923,1931,0.05062
10,2002,2011,0.05058
11,1247,1257,0.05057
15,481,495,0.05028
9,576,584,0.05025
15,316,330,0.05023
10,665,674,0.05012
10,522,531,0.04997
10,4265,4274,0.04992
8,2885,2892,0.04963
11,4227,4237,0.04952
9,210,218,0.04948
9,33,41,0.04889
9,3685,3693,0.04889
9,292,300,0.04884
9,607,615,0.0488
9,4842,4850,0.04872
9,198,206,0.04851
9,656,664,0.04848
9,43,51,0.04847
9,13,21,0.04843
9,224,232,0.04836
9,590,598,0.04831
10,268,277,0.0483
9,1335,1343,0.0483
10,408,417,0.04829
9,24,32,0.04825
9,1101,1109,0.0482
10,960,969,0.04815
9,145,153,0.048
9,65,73,0.048
9,51,59,0.04766
9,2804,2812,0.0475
9,2960,2968,0.04742
9,39,47,0.04705
11,29,39,0.04703
9,61,69,0.04687
9,759,767,0.0468
20,1581,1600,0.04677
9,6789,6797,0.04672
15,96,110,0.04663
9,181,189,0.04641
10,2208,2217,0.04623
9,69,77,0.04616
17,1,17,0.04611
9,4710,4718,0.04606
9,126,134,0.04585
10,2028,2037,0.04582
9,285,293,0.04574
9,509,517,0.04571
15,161,175,0.0456
9,28,36,0.04545
9,297,305,0.04508
10,3364,3373,0.04504
10,231,240,0.04474
9,718,726,0.04473
10,270,279,0.04457
9,250,258,0.04447
9,115,123,0.04445
10,105,114,0.04438
10,79,88,0.04434
15,4758,4772,0.04408
10,6100,6109,0.04403
9,242,250,0.04377
13,357,369,0.04374
9,93,101,0.04365
9,502,510,0.04347
9,743,751,0.04343
9,300,308,0.04323
10,154,163,0.04309
12,20,31,0.04291
15,636,650,0.04283
9,119,127,0.04278
12,1,12,0.0427
10,380,389,0.04257
10,381,390,0.04257
9,2091,2099,0.04251
10,133,142,0.04232
9,522,530,0.04195
9,1987,1995,0.0418
9,1993,2001,0.0418
9,85,93,0.04148
11,1387,1397,0.04145
11,1383,1393,0.04145
13,4810,4822,0.04142
9,6032,6040,0.04133
9,262,270,0.04128
9,60,68,0.04108
9,306,314,0.04099
8,17,24,0.04084
9,2,10,0.04076
8,66,73,0.0407
9,346,354,0.04028
9,680,688,0.0402
9,680,688,0.0402
10,442,451,0.03994
9,68,76,0.03987
29,5267,5295,0.03985
9,188,196,0.03981
10,123,132,0.03977
9,117,125,0.03976
9,1365,1373,0.03976
10,150,159,0.03976
8,224,231,0.03974
9,895,903,0.03955
9,77,85,0.03941
10,1288,1297,0.03939
9,95,103,0.03913
11,1221,1231,0.03897
10,3332,3341,0.03891
9,245,253,0.03882
9,1311,1319,0.03878
9,424,432,0.03857
9,299,307,0.03856
9,3106,3114,0.03852
9,69,77,0.03846
9,7,15,0.03843
9,1458,1466,0.03835
10,175,184,0.03815
9,2031,2039,0.03786
9,240,248,0.03776
10,1966,1975,0.03739
10,260,269,0.03708
10,45,54,0.03696
15,101,115,0.03673
10,1194,1203,0.03664
9,829,837,0.0364
9,104,112,0.03639
10,1064,1073,0.03585
9,157,165,0.03546
9,5084,5092,0.03544
11,353,363,0.03529
9,2864,2872,0.03524
10,2318,2327,0.0352
15,323,337,0.03515
15,346,360,0.03511
15,196,210,0.03501
19,81,99,0.03473
10,2936,2945,0.03471
9,1627,1635,0.03457
10,719,728,0.03456
9,67,75,0.0345
15,419,433,0.03422
18,17,34,0.0342
9,6801,6809,0.03414
11,11,21,0.03401
9,732,740,0.03386
10,621,630,0.03362
9,422,430,0.03362
10,2194,2203,0.03358
10,583,592,0.03352
9,290,298,0.03352
9,805,813,0.03347
9,435,443,0.03347
9,1956,1964,0.03339
17,695,711,0.03318
18,15,32,0.0329
15,1153,1167,0.03287
18,352,369,0.03286
9,2319,2327,0.03286
8,12,19,0.03222
19,345,363,0.0322
10,1416,1425,0.03214
9,1566,1574,0.03204
15,597,611,0.03193
9,47,55,0.03179
15,4823,4837,0.03177
9,137,145,0.03176
9,311,319,0.03154
15,5078,5092,0.03153
9,339,347,0.0315
11,409,419,0.03135
9,769,777,0.03114
8,424,431,0.03105
9,90,98,0.03104
9,3951,3959,0.03101
10,1923,1932,0.03091
9,54,62,0.03085
9,745,753,0.03083
9,1214,1222,0.03083
9,975,983,0.03075
9,4,12,0.03061
11,188,198,0.03058
9,223,231,0.03048
12,194,205,0.0303
8,790,797,0.0302
10,99,108,0.03013
10,99,108,0.03013
9,976,984,0.03
10,2,11,0.02996
10,92,101,0.02992
9,257,265,0.0298
10,2001,2010,0.02972
9,11,19,0.02967
12,19,30,0.02956
23,359,381,0.0295
9,137,145,0.02922
18,85,102,0.02901
10,65,74,0.02894
10,1713,1722,0.02892
9,1581,1589,0.0289
10,3316,3325,0.02882
10,6913,6922,0.02881
15,31,45,0.02878
9,156,164,0.02877
15,2893,2907,0.02875
10,357,366,0.02874
10,1014,1023,0.02864
9,133,141,0.02851
9,163,171,0.0285
9,6165,6173,0.02834
9,6157,6165,0.02826
20,496,515,0.02826
9,5025,5033,0.02816
15,4473,4487,0.02805
10,259,268,0.02787
20,71,90,0.02785
9,865,873,0.02757
10,253,262,0.02741
9,1065,1073,0.02711
9,147,155,0.02708
9,465,473,0.02639
9,1022,1030,0.0263
15,5253,5267,0.02623
9,4514,4522,0.02621
10,2118,2127,0.02617
10,1319,1328,0.02585
10,2605,2614,0.02579
9,867,875,0.02554
11,1636,1646,0.02542
9,2755,2763,0.02527
9,3653,3661,0.02527
8,220,227,0.02516
9,92,100,0.02513
18,11,28,0.02512
9,269,277,0.0251
10,335,344,0.02478
16,215,230,0.02459
10,442,451,0.02455
15,211,225,0.02455
13,116,128,0.02454
10,1256,1265,0.02433
9,379,387,0.02433
10,558,567,0.0242
10,297,306,0.02395
10,113,122,0.02388
9,1734,1742,0.02387
9,4456,4464,0.02386
9,790,798,0.02372
9,790,798,0.02372
15,2001,2015,0.02369
15,1066,1080,0.02362
9,140,148,0.02353
10,1422,1431,0.02336
15,11,25,0.02332
9,5989,5997,0.02327
9,1237,1245,0.02322
10,10,19,0.02312
9,887,895,0.02304
9,266,274,0.02296
11,203,213,0.02295
10,200,209,0.0229
9,371,379,0.02286
9,208,216,0.02286
9,16,24,0.02276
9,54,62,0.02251
15,86,100,0.0223
9,529,537,0.02228
15,4443,4457,0.02227
9,335,343,0.02224
9,22,30,0.02223
9,342,350,0.02199
9,167,175,0.02184
12,4998,5009,0.0218
10,1437,1446,0.02172
9,5,13,0.02147
9,5264,5272,0.02134
10,975,984,0.02127
9,931,939,0.02126
11,1536,1546,0.02107
10,115,124,0.02105
13,44,56,0.02101
9,37,45,0.0208
9,1758,1766,0.02069
15,9,23,0.0205
9,23,31,0.02049
10,893,902,0.02047
9,20,28,0.02047
9,151,159,0.02026
10,725,734,0.02022
9,194,202,0.02019
9,42,50,0.02005
9,358,366,0.01993
9,69,77,0.0199
15,4833,4847,0.01986
9,75,83,0.01984
9,424,432,0.01979
10,1318,1327,0.01974
9,89,97,0.01973
9,478,486,0.01973
10,18,27,0.01962
10,444,453,0.01951
10,1205,1214,0.0194
9,686,694,0.0192
9,209,217,0.01911
9,268,276,0.01892
9,34,42,0.01886
9,1646,1654,0.01876
9,558,566,0.01855
34,54,87,0.01851
9,424,432,0.01839
10,1873,1882,0.01834
9,5046,5054,0.01828
12,2088,2099,0.01818
9,3151,3159,0.01806
15,5113,5127,0.01796
9,1321,1329,0.01785
14,186,199,0.01764
9,111,119,0.0175
9,2831,2839,0.01739
9,318,326,0.01739
9,6516,6524,0.01736
11,77,87,0.01726
13,5,17,0.01724
9,77,85,0.01723
9,572,580,0.01719
10,2881,2890,0.01712
9,448,456,0.0171
9,857,865,0.01706
9,5314,5322,0.01662
9,4730,4738,0.01657
10,1152,1161,0.01653
9,983,991,0.01617
10,535,544,0.01616
15,127,141,0.01611
8,680,687,0.01608
15,860,874,0.01605
11,1821,1831,0.01603
10,377,386,0.01598
9,488,496,0.0158
11,2965,2975,0.01569
9,327,335,0.01562
9,2424,2432,0.01542
9,204,212,0.01523
10,1371,1380,0.0152
9,308,316,0.01514
10,1406,1415,0.01483
9,22,30,0.01482
9,3022,3030,0.01463
9,1387,1395,0.01463
9,232,240,0.01385
15,5108,5122,0.01382
16,77,92,0.01382
15,326,340,0.01378
15,4568,4582,0.01374
10,2748,2757,0.01358
9,2403,2411,0.01352
14,1117,1130,0.01346
9,65,73,0.01344
9,71,79,0.01343
15,376,390,0.01337
9,2210,2218,0.01335
18,30,47,0.01333
10,2819,2828,0.01309
9,219,227,0.01296
9,78,86,0.01291
9,233,241,0.01275
10,361,370,0.01273
9,1923,1931,0.01273
15,186,200,0.01269
9,1751,1759,0.01266
9,2968,2976,0.01216
9,919,927,0.01213
9,2821,2829,0.01202
10,817,826,0.01196
10,2771,2780,0.01182
11,49,59,0.01175
11,168,178,0.01175
9,602,610,0.01167
11,1637,1647,0.01156
11,314,324,0.01155
8,131,138,0.01151
9,12,20,0.01142
9,5908,5916,0.01141
12,504,515,0.01128
10,3654,3663,0.01127
9,367,375,0.01096
9,420,428,0.01095
9,214,222,0.01093
9,211,219,0.01074
10,1153,1162,0.0107
15,1051,1065,0.01068
9,1147,1155,0.01053
9,58,66,0.01046
9,6383,6391,0.01037
15,4983,4997,0.01034
9,1930,1938,0.0102
9,294,302,0.01015
9,1155,1163,0.00999
10,4732,4741,0.00995
9,322,330,0.00978
9,4847,4855,0.00966
10,1406,1415,0.00956
9,311,319,0.00942
9,321,329,0.00941
11,111,121,0.00926
9,541,549,0.00922
10,240,249,0.00922
9,147,155,0.00922
10,106,115,0.00918
9,125,133,0.00914
10,104,113,0.00912
9,699,707,0.00912
9,7003,7011,0.00911
10,315,324,0.00896
9,5563,5571,0.00883
9,23,31,0.0086
9,37,45,0.00843
11,3113,3123,0.00838
9,1454,1462,0.00819
15,4993,5007,0.00794
10,103,112,0.00791
10,1111,1120,0.00759
9,302,310,0.00741
9,2643,2651,0.00739
9,93,101,0.00738
9,457,465,0.00736
9,900,908,0.00709
9,67,75,0.00706
9,159,167,0.00694
9,1016,1024,0.00689
9,4713,4721,0.00668
9,37,45,0.00615
10,453,462,0.00603
10,29,38,0.00582
16,3151,3166,0.00578
10,1896,1905,0.00574
9,150,158,0.00551
19,79,97,0.00551
15,921,935,0.00543
11,197,207,0.00526
9,3003,3011,0.0051
10,80,89,0.00501
10,3,12,0.00481
10,3115,3124,0.00448
9,5318,5326,0.00442
9,40,48,0.00412
10,2338,2347,0.00391
9,2358,2366,0.00384
9,29,37,0.00383
8,4848,4855,0.00381
9,534,542,0.00378
15,71,85,0.00378
19,689,707,0.00349
9,111,119,0.00345
9,1174,1182,0.00334
20,21,40,0.0033
9,82,90,0.0031
9,616,624,0.00274
9,114,122,0.00264
10,386,395,0.00264
9,101,109,0.00258
9,100,108,0.00256
17,11,27,0.00253
9,192,200,0.00236
15,54,68,0.00231
14,587,600,0.00226
9,1634,1642,0.00222
9,34,42,0.00198
9,165,173,0.00178
9,1967,1975,0.00164
10,101,110,0.00162
9,52,60,0.0016
9,574,582,0.00156
25,2,26,0.00151
15,697,711,0.00137
9,78,86,0.00117
9,616,624,0.00092
11,3424,3434,0.00087
9,3,11,0.00086
10,310,319,0.00071
9,5587,5595,0.00065
8,168,175,0.00059
9,204,212,0.00024
9,59,67,0.00022
10,5001,5010,0.00016
